Aleksandrów Kujawski, KP
Aleksandrów Łódzki, ŁD
Alwernia, MA
Andrychów, MA
Annopol, LU
Augustów, PD
Babimost, LB
Baborów, OP
Baranów Sandomierski, PK
Barcin, KP
Barczewo, WN
Bardo, DŚ
Barlinek, ZP
Bartoszyce, WN
Barwice, ZP
Bełchatów, ŁD
Bełżyce, LU
Biała, OP
Biała Piska, WN
Biała Podlaska, LU
Biała Rawska, ŁD
Białobrzegi, MZ
Białogard, ZP
Biały Bór, ZP
Białystok, PD
Biecz, MA
Bielawa, DŚ
Bielsk Podlaski, PD
Bielsko-Biała, ŚL
Bierutów, DŚ
Bieruń, ŚL
Bieżuń, MZ
Biskupiec, WN
Bisztynek, WN
Biłgoraj, LU
Blachownia, ŚL
Bobolice, ZP
Bobowa, MA
Bochnia, MA
Bodzentyn, ŚK
Bogatynia, DŚ
Boguchwała, PK
Boguszów-Gorce, DŚ
Bojanowo, WP
Bolesławiec, DŚ
Bolków, DŚ
Borek Wielkopolski, WP
Borne Sulinowo, ZP
Braniewo, WN
Brańsk, PD
Brodnica, KP
Brok, MZ
Brusy, PM
Brwinów, MZ
Brzeg, OP
Brzeg Dolny, DŚ
Brzesko, MA
Brzeszcze, MA
Brzeziny, ŁD
Brześć Kujawski, KP
Brzostek, PK
Brzozów, PK
Buk, WP
Bukowno, MA
Busko-Zdrój, ŚK
Bychawa, LU
Byczyna, OP
Bydgoszcz, KP
Bystrzyca Kłodzka, DŚ
Bytom, ŚL
Bytom Odrzański, LB
Bytów, PM
Będzin, ŚL
Błaszki, ŁD
Błażowa, PK
Błonie, MZ
Cedynia, ZP
Chełm, LU
Chełmek, MA
Chełmno, KP
Chełmża, KP
Chmielnik, ŚK
Chocianów, DŚ
Chociwel, ZP
Chocz, WP
Chodecz, KP
Chodzież, WP
Chojna, ZP
Chojnice, PM
Chojnów, DŚ
Choroszcz, PD
Chorzele, MZ
Chorzów, ŚL
Choszczno, ZP
Chrzanów, MA
Chęciny, ŚK
Ciechanowiec, PD
Ciechanów, MZ
Ciechocinek, KP
Cieszanów, PK
Cieszyn, ŚL
Ciężkowice, MA
Cybinka, LB
Czaplinek, ZP
Czarna Białostocka, PD
Czarna Woda, PM
Czarne, PM
Czarnków, WP
Czchów, MA
Czechowice-Dziedzice, ŚL
Czeladź, ŚL
Czempiń, WP
Czerniejewo, WP
Czersk, PM
Czerwieńsk, LB
Czerwionka-Leszczyny, ŚL
Czyżew, PD
Częstochowa, ŚL
Człopa, ZP
Człuchów, PM
Daleszyce, ŚK
Darłowo, ZP
Debrzno, PM
Dobczyce, MA
Dobiegniew, LB
Dobra (powiat turecki), WP
Dobra (powiat łobeski), ZP
Dobre Miasto, WN
Dobrodzień, OP
Dobrzany, ZP
Dobrzyca, WP
Dobrzyń nad Wisłą, KP
Dolsk, WP
Drawno, ZP
Drawsko Pomorskie, ZP
Drezdenko, LB
Drobin, MZ
Drohiczyn, PD
Drzewica, ŁD
Dukla, PK
Duszniki-Zdrój, DŚ
Dynów, PK
Działdowo, WN
Działoszyce, ŚK
Działoszyn, ŁD
Dzierzgoń, PM
Dzierżoniów, DŚ
Dziwnów, ZP
Dąbie, WP
Dąbrowa Białostocka, PD
Dąbrowa Górnicza, ŚL
Dąbrowa Tarnowska, MA
Dębica, PK
Dęblin, LU
Dębno, ZP
Elbląg, WN
Ełk, WN
Frampol, LU
Frombork, WN
Garwolin, MZ
Gdańsk, PM
Gdynia, PM
Giżycko, WN
Glinojeck, MZ
Gliwice, ŚL
Gniew, PM
Gniewkowo, KP
Gniezno, WP
Gogolin, OP
Golczewo, ZP
Goleniów, ZP
Golina, WP
Golub-Dobrzyń, KP
Goniądz, PD
Gorlice, MA
Gorzów Wielkopolski, LB
Gorzów Śląski, OP
Gostynin, MZ
Gostyń, WP
Gozdnica, LB
Gołańcz, WP
Gołdap, WN
Gościno, ZP
Grabów nad Prosną, WP
Grajewo, PD
Grodków, OP
Grodzisk Mazowiecki, MZ
Grodzisk Wielkopolski, WP
Grudziądz, KP
Grybów, MA
Gryfice, ZP
Gryfino, ZP
Gryfów Śląski, DŚ
Grójec, MZ
Gubin, LB
Góra, DŚ
Góra Kalwaria, MZ
Górowo Iławeckie, WN
Górzno, KP
Gąbin, MZ
Głogów, DŚ
Głogów Małopolski, PK
Głogówek, OP
Głowno, ŁD
Głubczyce, OP
Głuchołazy, OP
Głuszyca, DŚ
Główny dworzec kolejowy, Gdynia
Hajnówka, PD
Halinów, MZ
Hel, PM
Hrubieszów, LU
Imielin, ŚL
Inowrocław, KP
Iwonicz-Zdrój, PK
Izbica Kujawska, KP
Iława, WN
Iłowa, LB
Iłża, MZ
Ińsko, ZP
Jabłonowo Pomorskie, KP
Janikowo, KP
Janowiec Wielkopolski, KP
Janów Lubelski, LU
Jaraczewo, WP
Jarocin, WP
Jarosław, PK
Jasień, LB
Jastarnia, PM
Jastrowie, WP
Jastrzębie-Zdrój, ŚL
Jasło, PK
Jawor, DŚ
Jaworzno, ŚL
Jaworzyna Śląska, DŚ
Jedlicze, PK
Jedlina-Zdrój, DŚ
Jedwabne, PD
Jelcz-Laskowice, DŚ
Jelenia Góra, DŚ
Jeziorany, WN
Jordanów, MA
Jutrosin, WP
Józefów (powiat biłgorajski), LU
Józefów (powiat otwocki), MZ
Józefów nad Wisłą, LU
Jędrzejów, ŚK
Kalety, ŚL
Kalisz, WP
Kalisz Pomorski, ZP
Kalwaria Zebrzydowska, MA
Kamienna Góra, DŚ
Kamień Krajeński, KP
Kamień Pomorski, ZP
Kamieńsk, ŁD
Karczew, MZ
Kargowa, LB
Karlino, ZP
Karpacz, DŚ
Kartuzy, PM
Katowice, ŚL
Kazimierz Dolny, LU
Kazimierza Wielka, ŚK
Kałuszyn, MZ
Kańczuga, PK
Kcynia, KP
Kielce, ŚK
Kietrz, OP
Kisielice, WN
Kleczew, WP
Kleszczele, PD
Kluczbork, OP
Knurów, ŚL
Knyszyn, PD
Kobylin, WP
Kobyłka, MZ
Kock, LU
Kolbuszowa, PK
Kolno, PD
Kolonowskie, OP
Koluszki, ŁD
Koniecpol, ŚL
Konin, WP
Konstancin-Jeziorna, MZ
Konstantynów Łódzki, ŁD
Koprzywnica, ŚK
Korfantów, OP
Koronowo, KP
Korsze, WN
Kostrzyn, WP
Kostrzyn nad Odrą, LB
Koszalin, ZP
Koszyce, MA
Kosów Lacki, MZ
Kowal, KP
Kowalewo Pomorskie, KP
Kowary, DŚ
Koziegłowy, ŚL
Kozienice, MZ
Kołaczyce, PK
Koło, WP
Kołobrzeg, ZP
Końskie, ŚK
Kościan, WP
Kościerzyna, PM
Koźmin Wielkopolski, WP
Kożuchów, LB
Krajenka, WP
Kraków, MA
Krapkowice, OP
Krasnobród, LU
Krasnystaw, LU
Kraśnik, LU
Krobia, WP
Krosno, PK
Krosno Odrzańskie, LB
Krotoszyn, WP
Krośniewice, ŁD
Kruszwica, KP
Krynica Morska, PM
Krynica-Zdrój, MA
Krynki, PD
Krzanowice, ŚL
Krzepice, ŚL
Krzeszowice, MA
Krzywiń, WP
Krzyż Wielkopolski, WP
Książ Wielkopolski, WP
Kudowa-Zdrój, DŚ
Kunów, ŚK
Kutno, ŁD
Kuźnia Raciborska, ŚL
Kwidzyn, PM
Kórnik, WP
Kąty Wrocławskie, DŚ
Kędzierzyn-Koźle, OP
Kępice, PM
Kępno, WP
Kętrzyn, WN
Kęty, MA
Kłecko, WP
Kłobuck, ŚL
Kłodawa, WP
Kłodzko, DŚ
Legionowo, MZ
Legnica, DŚ
Lesko, PK
Leszno, WP
Lewin Brzeski, OP
Leśna, DŚ
Leśnica, OP
Leżajsk, PK
Libiąż, MA
Lidzbark, WN
Lidzbark Warmiński, WN
Limanowa, MA
Lipiany, ZP
Lipno, KP
Lipsk, PD
Lipsko, MZ
Lubaczów, PK
Lubartów, LU
Lubawa, WN
Lubawka, DŚ
Lubań, DŚ
Lubień Kujawski, KP
Lubin, DŚ
Lublin, LU
Lubliniec, ŚL
Lubniewice, LB
Lubomierz, DŚ
Lubowidz, MZ
Luboń, WP
Lubraniec, KP
Lubsko, LB
Lubycza Królewska, LU
Lwówek, WP
Lwówek Śląski, DŚ
Lądek-Zdrój, DŚ
Lębork, PM
Lędziny, ŚL
Maków Mazowiecki, MZ
Maków Podhalański, MA
Malbork, PM
Margonin, WP
Marki, MZ
Maszewo, ZP
Małogoszcz, ŚK
Małomice, LB
Miasteczko Śląskie, ŚL
Miastko, PM
Michałowo, PD
Miechów, MA
Miejska Górka, WP
Mielec, PK
Mielno, ZP
Mieroszów, DŚ
Mieszkowice, ZP
Mikołajki, WN
Mikołów, ŚL
Mikstat, WP
Milanówek, MZ
Milicz, DŚ
Mirosławiec, ZP
Mirsk, DŚ
Międzybórz, DŚ
Międzychód, WP
Międzylesie, DŚ
Międzyrzec Podlaski, LU
Międzyrzecz, LB
Międzyzdroje, ZP
Miłakowo, WN
Miłomłyn, WN
Miłosław, WP
Mińsk Mazowiecki, MZ
Modliborzyce, LU
Mogielnica, MZ
Mogilno, KP
Morawica, ŚK
Mordy, MZ
Moryń, ZP
Morąg, WN
Mosina, WP
Mońki, PD
Mrocza, KP
Mrozy, MZ
Mrągowo, WN
Mszana Dolna, MA
Mszczonów, MZ
Murowana Goślina, WP
Muszyna, MA
Myszków, ŚL
Myszyniec, MZ
Mysłowice, ŚL
Myślenice, MA
Myślibórz, ZP
Mława, MZ
Młynary, WN
Nakło nad Notecią, KP
Namysłów, OP
Narol, PK
Nasielsk, MZ
Nałęczów, LU
Nekla, WP
Nidzica, WN
Niemcza, DŚ
Niemodlin, OP
Niepołomice, MA
Nieszawa, KP
Nisko, PK
Nowa Dęba, PK
Nowa Ruda, DŚ
Nowa Sarzyna, PK
Nowa Sól, LB
Nowa Słupia, ŚK
Nowe, KP
Nowe Brzesko, MA
Nowe Miasteczko, LB
Nowe Miasto Lubawskie, WN
Nowe Miasto nad Pilicą, MZ
Nowe Skalmierzyce, WP
Nowe Warpno, ZP
Nowogard, ZP
Nowogrodziec, DŚ
Nowogród, PD
Nowogród Bobrzański, LB
Nowy Dwór Gdański, PM
Nowy Dwór Mazowiecki, MZ
Nowy Korczyn, ŚK
Nowy Staw, PM
Nowy Sącz, MA
Nowy Targ, MA
Nowy Tomyśl, WP
Nowy Wiśnicz, MA
Nysa, OP
Oborniki, WP
Oborniki Śląskie, DŚ
Obrzycko, WP
Odolanów, WP
Ogrodzieniec, ŚL
Okonek, WP
Olecko, WN
Olesno, OP
Oleszyce, PK
Oleśnica, DŚ
Oleśnica, ŚK
Olkusz, MA
Olsztyn, WN
Olsztynek, WN
Olszyna, DŚ
Opalenica, WP
Opatowiec, ŚK
Opatów, ŚK
Opatówek, WP
Opoczno, ŁD
Opole, OP
Opole Lubelskie, LU
Orneta, WN
Orzesze, ŚL
Orzysz, WN
Osieczna, WP
Osiek, ŚK
Ostroróg, WP
Ostrowiec Świętokrzyski, ŚK
Ostrołęka, MZ
Ostrzeszów, WP
Ostróda, WN
Ostrów Lubelski, LU
Ostrów Mazowiecka, MZ
Ostrów Wielkopolski, WP
Otmuchów, OP
Otwock, MZ
Otyń, LB
Ozimek, OP
Ozorków, ŁD
Oława, DŚ
Ośno Lubuskie, LB
Oświęcim, MA
Ożarów, ŚK
Ożarów Mazowiecki, MZ
Pabianice, ŁD
Pacanów, ŚK
Paczków, OP
Pajęczno, ŁD
Pakość, KP
Parczew, LU
Pasym, WN
Pasłęk, WN
Pelplin, PM
Pełczyce, ZP
Piaseczno, MZ
Piaski, LU
Piastów, MZ
Piechowice, DŚ
Piekary Śląskie, ŚL
Pieniężno, WN
Pierzchnica, ŚK
Pieszyce, DŚ
Pieńsk, DŚ
Pilawa, MZ
Pilica, ŚL
Pilzno, PK
Pionki, MZ
Piotrków Kujawski, KP
Piotrków Trybunalski, ŁD
Pisz, WN
Piwniczna-Zdrój, MA
Piła, WP
Piława Górna, DŚ
Pińczów, ŚK
Pleszew, WP
Pniewy, WP
Pobiedziska, WP
Poddębice, ŁD
Podkowa Leśna, MZ
Pogorzela, WP
Polanica-Zdrój, DŚ
Polanów, ZP
Police, ZP
Polkowice, DŚ
Poniatowa, LU
Poniec, WP
Poręba, ŚL
Poznań, WP
Połaniec, ŚK
Połczyn-Zdrój, ZP
Prabuty, PM
Praszka, OP
Prochowice, DŚ
Proszowice, MA
Pruchnik, PK
Prudnik, OP
Prusice, DŚ
Pruszcz Gdański, PM
Pruszków, MZ
Przasnysz, MZ
Przecław, PK
Przedbórz, ŁD
Przedecz, WP
Przemków, DŚ
Przemyśl, PK
Przeworsk, PK
Przysucha, MZ
Prószków, OP
Pszczyna, ŚL
Pszów, ŚL
Puck, PM
Puszczykowo, WP
Puławy, LU
Pułtusk, MZ
Pyrzyce, ZP
Pyskowice, ŚL
Pyzdry, WP
Płock, MZ
Płoty, ZP
Płońsk, MZ
Rabka-Zdrój, MA
Racibórz, ŚL
Raciąż, MZ
Radków, DŚ
Radlin, ŚL
Radom, MZ
Radomsko, ŁD
Radomyśl Wielki, PK
Radoszyce, ŚK
Radymno, PK
Radziejów, KP
Radzionków, ŚL
Radzymin, MZ
Radzyń Chełmiński, KP
Radzyń Podlaski, LU
Radłów, MA
Rajgród, PD
Rakoniewice, WP
Raszków, WP
Ratusz, Opole
Ratusz, Zielona Góra
Rawa Mazowiecka, ŁD
Rawicz, WP
Recz, ZP
Reda, PM
Rejowiec, LU
Rejowiec Fabryczny, LU
Resko, ZP
Reszel, WN
Rogoźno, WP
Ropczyce, PK
Ruciane-Nida, WN
Ruda Śląska, ŚL
Rudnik nad Sanem, PK
Rumia, PM
Rybnik, ŚL
Rychwał, WP
Rydułtowy, ŚL
Rydzyna, WP
Ryglice, MA
Ryki, LU
Rymanów, PK
Ryn, WN
Rypin, KP
Rzepin, LB
Rzeszów, PK
Rzgów, ŁD
Różan, MZ
Sandomierz, ŚK
Sanniki, MZ
Sanok, PK
Sejny, PD
Serock, MZ
Sianów, ZP
Siechnice, DŚ
Siedlce, MZ
Siedliszcze, LU
Siemianowice Śląskie, ŚL
Siemiatycze, PD
Sieniawa, PK
Sieradz, ŁD
Sieraków, WP
Sierpc, MZ
Siewierz, ŚL
Skalbmierz, ŚK
Skarszewy, PM
Skaryszew, MZ
Skarżysko-Kamienna, ŚK
Skawina, MA
Skała, MA
Skierniewice, ŁD
Skoczów, ŚL
Skoki, WP
Skwierzyna, LB
Skórcz, PM
Skępe, KP
Sobótka, DŚ
Sochaczew, MZ
Sokołów Małopolski, PK
Sokołów Podlaski, MZ
Sokółka, PD
Solec Kujawski, KP
Sompolno, WP
Sopot, PM
Sosnowiec, ŚL
Sośnicowice, ŚL
Stalowa Wola, PK
Starachowice, ŚK
Stargard, ZP
Starogard Gdański, PM
Stary Sącz, MA
Staszów, ŚK
Stawiski, PD
Stawiszyn, WP
Stepnica, ZP
Stoczek Łukowski, LU
Stopnica, ŚK
Stronie Śląskie, DŚ
Strumień, ŚL
Stryków, ŁD
Strzegom, DŚ
Strzelce Krajeńskie, LB
Strzelce Opolskie, OP
Strzelin, DŚ
Strzelno, KP
Strzyżów, PK
Stąporków, ŚK
Stęszew, WP
Sucha Beskidzka, MA
Suchań, ZP
Suchedniów, ŚK
Suchowola, PD
Sulechów, LB
Sulejów, ŁD
Sulejówek, MZ
Sulmierzyce, WP
Sulęcin, LB
Supraśl, PD
Suraż, PD
Susz, WN
Suwałki, PD
Sułkowice, MA
Swarzędz, WP
Syców, DŚ
Szadek, ŁD
Szamocin, WP
Szamotuły, WP
Szczawnica, MA
Szczawno-Zdrój, DŚ
Szczebrzeszyn, LU
Szczecin, ZP
Szczecinek, ZP
Szczekociny, ŚL
Szczucin, MA
Szczuczyn, PD
Szczyrk, ŚL
Szczytna, DŚ
Szczytno, WN
Szepietowo, PD
Szklarska Poręba, DŚ
Szlichtyngowa, LB
Szprotawa, LB
Sztum, PM
Szubin, KP
Szydłowiec, MZ
Szydłów, ŚK
Sędziszów, ŚK
Sędziszów Małopolski, PK
Sępopol, WN
Sępólno Krajeńskie, KP
Sława, LB
Sławków, ŚL
Sławno, ZP
Słomniki, MA
Słubice, LB
Słupca, WP
Słupsk, PM
Tarczyn, MZ
Tarnobrzeg, PK
Tarnogród, LU
Tarnowskie Góry, ŚL
Tarnów, MA
Tczew, PM
Terespol, LU
Tolkmicko, WN
Tomaszów Lubelski, LU
Tomaszów Mazowiecki, ŁD
Toruń, KP
Torzym, LB
Toszek, ŚL
Trzcianka, WP
Trzciel, LB
Trzcińsko-Zdrój, ZP
Trzebiatów, ZP
Trzebinia, MA
Trzebnica, DŚ
Trzemeszno, WP
Tuchola, KP
Tuchów, MA
Tuczno, ZP
Tuliszków, WP
Turek, WP
Tuszyn, ŁD
Tułowice, OP
Twardogóra, DŚ
Tychowo, ZP
Tychy, ŚL
Tyczyn, PK
Tykocin, PD
Tyszowce, LU
Tłuszcz, MZ
Ujazd, OP
Ujście, WP
Ulanów, PK
Uniejów, ŁD
Urzędów, LU
Ustka, PM
Ustroń, ŚL
Ustrzyki Dolne, PK
Wadowice, MA
Warka, MZ
Warszawa, MZ
Warta, ŁD
Wasilków, PD
Wałbrzych, DŚ
Wałcz, ZP
Wejherowo, PM
Wielbark, WN
Wieleń, WP
Wielichowo, WP
Wieliczka, MA
Wieluń, ŁD
Wieruszów, ŁD
Wilamowice, ŚL
Wisła, ŚL
Witkowo, WP
Witnica, LB
Wiązów, DŚ
Więcbork, KP
Wiślica, ŚK
Wleń, DŚ
Wodzisław Śląski, ŚL
Wojcieszów, DŚ
Wojkowice, ŚL
Wojnicz, MA
Wolbrom, MA
Wolbórz, ŁD
Wolin, ZP
Wolsztyn, WP
Wołczyn, OP
Wołomin, MZ
Wołów, DŚ
Woźniki, ŚL
Wrocław, DŚ
Wronki, WP
Września, WP
Wschowa, LB
Wyrzysk, WP
Wysoka, WP
Wysokie Mazowieckie, PD
Wyszków, MZ
Wyszogród, MZ
Wyśmierzyce, MZ
Wąbrzeźno, KP
Wąchock, ŚK
Wągrowiec, WP
Wąsosz, DŚ
Węgliniec, DŚ
Węgorzewo, WN
Węgorzyno, ZP
Węgrów, MZ
Władysławowo, PM
Włocławek, KP
Włodawa, LU
Włoszczowa, ŚK
Zabrze, ŚL
Zabłudów, PD
Zagórz, PK
Zagórów, WP
Zakliczyn, MA
Zaklików, PK
Zakopane, MA
Zakroczym, MZ
Zalewo, WN
Zambrów, PD
Zamość, LU
Zator, MA
Zawadzkie, OP
Zawichost, ŚK
Zawidów, DŚ
Zawiercie, ŚL
Zbąszynek, LB
Zbąszyń, WP
Zduny, WP
Zduńska Wola, ŁD
Zdzieszowice, OP
Zelów, ŁD
Zgierz, ŁD
Zgorzelec, DŚ
Zielona Góra, LB
Zielonka, MZ
Ziębice, DŚ
Zwierzyniec, LU
Zwoleń, MZ
Ząbki, MZ
Ząbkowice Śląskie, DŚ
Złocieniec, ZP
Złoczew, ŁD
Złotoryja, DŚ
Złoty Stok, DŚ
Złotów, WP
Ćmielów, ŚK
Łabiszyn, KP
Łagów, ŚK
Łapy, PD
Łasin, KP
Łask, ŁD
Łaskarzew, MZ
Łaszczów, LU
Łaziska Górne, ŚL
Łazy, ŚL
Łańcut, PK
Łeba, PM
Łobez, ZP
Łobżenica, WP
Łochów, MZ
Łomianki, MZ
Łomża, PD
Łosice, MZ
Łowicz, ŁD
Łuków, LU
Łódź, ŁD
Łęczna, LU
Łęczyca, ŁD
Łęknica, LB
Ścinawa, DŚ
Ślesin, WP
Śmigiel, WP
Śrem, WP
Środa Wielkopolska, WP
Środa Śląska, DŚ
Świdnica, DŚ
Świdnik, LU
Świdwin, ZP
Świebodzice, DŚ
Świebodzin, LB
Świecie, KP
Świeradów-Zdrój, DŚ
Świerzawa, DŚ
Świnoujście, ZP
Świątniki Górne, MA
Świętochłowice, ŚL
Żabno, MA
Żagań, LB
Żarki, ŚL
Żary, LB
Żarów, DŚ
Żelechów, MZ
Żerków, WP
Żmigród, DŚ
Żnin, KP
Żory, ŚL
Żukowo, PM
Żuromin, MZ
Żychlin, ŁD
Żyrardów, MZ
Żywiec, ŚL
